4606799806622,"Japan Post (JA)",128816178190
4606858363038,"Japan Post (JA)",128816178153
4600663703710,"Sagawa (JA)",490708814492
4600706105502,"Sagawa (JA)",490708813044
4600763252894,"Sagawa (JA)",490708814724
4601452200094,"Sagawa (JA)",490708813081
4602482000030,"Sagawa (JA)",490708816393
4604426158238,"Sagawa (JA)",490708818530
4605504159902,"Sagawa (JA)",490708825611
4605505831070,"Sagawa (JA)",490708825725
4605510451358,"Sagawa (JA)",490708824815
4605515137182,"Sagawa (JA)",490708825342
4605527163038,"Japan Post (JA)",328040626966
4605537124510,"Sagawa (JA)",490708825902
4605537943710,"Sagawa (JA)",490708823301
4605538500766,"Sagawa (JA)",490708825353
4605595910302,"Sagawa (JA)",490708823533
4605598105758,"Sagawa (JA)",490708826333
4605610918046,"Japan Post (JA)",328040626970
4605618618526,"Sagawa (JA)",490708824465
4605619929246,"Sagawa (JA)",490708823975
4605627859102,"Sagawa (JA)",490708823986
4605629923486,"Sagawa (JA)",490708825655
4605634674846,"Sagawa (JA)",490708825364
4605637591198,"Sagawa (JA)",490708825375
4605637853342,"Sagawa (JA)",490708825386
4605639229598,"Sagawa (JA)",490708826716
4605641326750,"Sagawa (JA)",490708826775
4605643980958,"Sagawa (JA)",490708824476
4605675634846,"Sagawa (JA)",490708824826
4605690642590,"Sagawa (JA)",490708825913
4605694673054,"Sagawa (JA)",490708823990
4605698867358,"Sagawa (JA)",490708825924
4605700440222,"Sagawa (JA)",490708826031
4605702668446,"Sagawa (JA)",490708826473
4605705781406,"Sagawa (JA)",490708824896
4605709418654,"Sagawa (JA)",490708826646
4605711548574,"Sagawa (JA)",490708826425
4605713973406,"Sagawa (JA)",490708826042
4605714989214,"Sagawa (JA)",490708825390
4605716660382,"Sagawa (JA)",490708825401
4605717348510,"Sagawa (JA)",490708825530
4605725147294,"Sagawa (JA)",490708823253
4605734092958,"Sagawa (JA)",490708825412
4605735895198,"Sagawa (JA)",490708825622
4605738188958,"Sagawa (JA)",490708823404
4605744644254,"Sagawa (JA)",490708824480
4605761355934,"Sagawa (JA)",490708824491
4605765681310,"Sagawa (JA)",490708826683
4605769121950,"Sagawa (JA)",490708826650
4605769941150,"Sagawa (JA)",490708824001
4605770137758,"Sagawa (JA)",490708823452
4605785669790,"Sagawa (JA)",490708826053
4605786783902,"Sagawa (JA)",490708825633
4605787603102,"Sagawa (JA)",490708824830
4605806870686,"Sagawa (JA)",490708826344
4605808476318,"Sagawa (JA)",490708824012
4605817323678,"Sagawa (JA)",490708825423
4605829021854,"Sagawa (JA)",490708826694
4605831643294,"Sagawa (JA)",490708826484
4605838262430,"Sagawa (JA)",490708826495
4605848748190,"Sagawa (JA)",490708826753
4605855695006,"Sagawa (JA)",490708823544
4605862314142,"Sagawa (JA)",490708823264
4605873291422,"Sagawa (JA)",490708826355
4605885055134,"Sagawa (JA)",490708826366
4605885448350,"Sagawa (JA)",490708824023
4605885579422,"Sagawa (JA)",490708824502
4605888790686,"Sagawa (JA)",490708825935
4605891346590,"Sagawa (JA)",490708824513
4605891510430,"Sagawa (JA)",490708826064
4605896622238,"Sagawa (JA)",490708826565
4605913464990,"Sagawa (JA)",490708826370
4605914710174,"Sagawa (JA)",490708824524
4605920247966,"Japan Post (JA)",328040626675
4605921624222,"Sagawa (JA)",490708824642
4605922869406,"Sagawa (JA)",490708824034
4605944135838,"Sagawa (JA)",490708826624
4605946691742,"Sagawa (JA)",490708825434
4605949608094,"Sagawa (JA)",490708824045
4605951213726,"Sagawa (JA)",490708826134
4605951279262,"Sagawa (JA)",490708826506
4605954130078,"Sagawa (JA)",490708824653
4605968154782,"Japan Post (JA)",328040626804
4605971464350,"Sagawa (JA)",490708823415
4605976543390,"Sagawa (JA)",490708825946
4605980967070,"Sagawa (JA)",490708826145
4605993746590,"Sagawa (JA)",490708824535
4606050042014,"Sagawa (JA)",490708824546
4606122950814,"Sagawa (JA)",490708826510
4606237212830,"Sagawa (JA)",490708825445
4606237868190,"Sagawa (JA)",490708825736
4606360322206,"Sagawa (JA)",490708824841
4606361993374,"Sagawa (JA)",490708825740
4606368874654,"Sagawa (JA)",490708826521
4606378213534,"Sagawa (JA)",490708824852
4606380605598,"Sagawa (JA)",490708826764
4606400430238,"Sagawa (JA)",490708824550
4606418354334,"Sagawa (JA)",490708826381
4606432018590,"Japan Post (JA)",328040626981
4606444961950,"Sagawa (JA)",490708825456
4606465638558,"Sagawa (JA)",490708825460
4606472192158,"Sagawa (JA)",490708824561
4606486085790,"Sagawa (JA)",490708826392
4606486904990,"Sagawa (JA)",490708823592
4606493884574,"Japan Post (JA)",328040626992
4606509940894,"Sagawa (JA)",490708824572
4606536745118,"Sagawa (JA)",490708824900
4606543298718,"Sagawa (JA)",490708826790
4606553358494,"Sagawa (JA)",490708824583
4606561157278,"Sagawa (JA)",490708825950
4606565613726,"Sagawa (JA)",490708826090
4606566465694,"Sagawa (JA)",490708825471
4606569119902,"Japan Post (JA)",328040626686
4606572200094,"Sagawa (JA)",490708825482
4606574362782,"Sagawa (JA)",490708824594
4606577016990,"Sagawa (JA)",490708825493
4606581604510,"Sagawa (JA)",490708824605
4606623088798,"Sagawa (JA)",490708823603
4606633672862,"Sagawa (JA)",490708824616
4606643568798,"Sagawa (JA)",490708824874
4606649467038,"Sagawa (JA)",490708823566
4606651465886,"Sagawa (JA)",490708823172
4605649977502,"Sagawa (JA)",400168780826
4605528178846,"Japan Post (JA)",328063280366
4605529292958,"Japan Post (JA)",328063280370
4605600039070,"Japan Post (JA)",328063281254
4605600432286,"Japan Post (JA)",328064854935
4605604069534,"Japan Post (JA)",328064854946
4605613080734,"Japan Post (JA)",328063279832
4605635494046,"Japan Post (JA)",328063280381
4605642735774,"Japan Post (JA)",328063281265
4605649387678,"Japan Post (JA)",328064854961
4605677666462,"Japan Post (JA)",328063280834
4605692969118,"Japan Post (JA)",328063281276
4605697032350,"Japan Post (JA)",328063279843
4605711384734,"Japan Post (JA)",328063279725
4605720690846,"Japan Post (JA)",328063280392
4605748936862,"Japan Post (JA)",328064854972
4605764173982,"Japan Post (JA)",328063279854
4605785505950,"Japan Post (JA)",328063280403
4605804282014,"Japan Post (JA)",328063280742
4605808279710,"Japan Post (JA)",328063281280
4605830529182,"Japan Post (JA)",328063279983
4605854908574,"Japan Post (JA)",328064854983
4605856972958,"Japan Post (JA)",328063281313
4605875585182,"Japan Post (JA)",328064854994
4605886398622,"Japan Post (JA)",328064855005
4605900423326,"Japan Post (JA)",328063280414
4605915070622,"Japan Post (JA)",328064855016
4605971660958,"Japan Post (JA)",328064855031
4606024614046,"Japan Post (JA)",328064855053
4606034542750,"Japan Post (JA)",328064855064
4606194548894,"Japan Post (JA)",328063280753
4606460133534,"Japan Post (JA)",328063280425
4606473207966,"Japan Post (JA)",328063281475
4606482874526,"Japan Post (JA)",328063281302
4606503092382,"Japan Post (JA)",328064855075
4606545952926,"Japan Post (JA)",328064855086
4606576623774,"Japan Post (JA)",328063279865
4606595989662,"Japan Post (JA)",328063279736
4601647726750,"Sagawa (JA)",402606995206
4602034782366,"Sagawa (JA)",401066319032
4603250311326,"Sagawa (JA)",403662180552
4603345338526,"Sagawa (JA)",403637427373
4604299051166,"Sagawa (JA)",403637427266
4604865249438,"Sagawa (JA)",403637427281
4605487775902,"Sagawa (JA)",403637427270
4605503832222,"Sagawa (JA)",403687271573
4605523165342,"Sagawa (JA)",403671651412
4605524770974,"Sagawa (JA)",403687666012
4605529981086,"Sagawa (JA)",403671651176
4605533061278,"Sagawa (JA)",403687271923
4605543907486,"Sagawa (JA)",403671651622
4605544792222,"Sagawa (JA)",403687666723
4605546496158,"Sagawa (JA)",403687271816
4605560750238,"Sagawa (JA)",403687271606
4605570547870,"Sagawa (JA)",403687271271
4605587587230,"Sagawa (JA)",403671651806
4605590405278,"Sagawa (JA)",403687271083
4605594861726,"Sagawa (JA)",403687666045
4605595779230,"Sagawa (JA)",403687271094
4605596401822,"Sagawa (JA)",403671651972
4605602660510,"Sagawa (JA)",403671651563
4605605904542,"Sagawa (JA)",403687271842
4605617373342,"Sagawa (JA)",403671651994
4605618061470,"Sagawa (JA)",403687666734
4605618716830,"Sagawa (JA)",403687271304
4605623435422,"Sagawa (JA)",403687271820
4605626187934,"Sagawa (JA)",403671651843
4605629628574,"Sagawa (JA)",403687271945
4605632053406,"Sagawa (JA)",403687271761
4605633036446,"Sagawa (JA)",403671651810
4605633265822,"Sagawa (JA)",403671651375
4605647913118,"Sagawa (JA)",403687271934
4605652893854,"Sagawa (JA)",403687271584
4605662658718,"Sagawa (JA)",403687271164
4605665902750,"Sagawa (JA)",403671651423
4605669507230,"Sagawa (JA)",403687271175
4605669998750,"Sagawa (JA)",403671651854
4605670228126,"Sagawa (JA)",403687271396
4605673996446,"Sagawa (JA)",403671651530
4605676454046,"Sagawa (JA)",403687271400
4605677109406,"Sagawa (JA)",403687271901
4605682614430,"Sagawa (JA)",403687271993
4605701423262,"Sagawa (JA)",403687271186
4605706895518,"Sagawa (JA)",403687271525
4605710663838,"Sagawa (JA)",403687666056
4605723476126,"Sagawa (JA)",403687271772
4605731635358,"Sagawa (JA)",403687666082
4605733961886,"Sagawa (JA)",403687271374
4605734322334,"Sagawa (JA)",403687271536
4605741138078,"Sagawa (JA)",403687271315
4605747757214,"Sagawa (JA)",403671651342
4605750509726,"Sagawa (JA)",403687271540
4605778690206,"Sagawa (JA)",403671651493
4605786161310,"Sagawa (JA)",403687666093
4605788029086,"Sagawa (JA)",403687271595
4605793239198,"Sagawa (JA)",403687666104
4605796384926,"Sagawa (JA)",403671651272
4605798121630,"Sagawa (JA)",403687271864
4605805527198,"Sagawa (JA)",403671651681
4605812375710,"Sagawa (JA)",403687271422
4605816701086,"Sagawa (JA)",403687666115
4605820731550,"Sagawa (JA)",403671651946
4605832069278,"Sagawa (JA)",403687271046
4605839311006,"Sagawa (JA)",403687271002
4605839835294,"Sagawa (JA)",403671651574
4605840326814,"Sagawa (JA)",403687271713
4605844226206,"Sagawa (JA)",403687271385
4605851959454,"Sagawa (JA)",403687271013
4605881843870,"Sagawa (JA)",403687271411
4605887742110,"Sagawa (JA)",403671651320
4605890461854,"Sagawa (JA)",403687271643
4605911924894,"Sagawa (JA)",403671651600
4605918118046,"Sagawa (JA)",403671651224
4605931126942,"Sagawa (JA)",403687271610
4605936009374,"Sagawa (JA)",403687271735
4605944201374,"Sagawa (JA)",403687271551
4605945807006,"Sagawa (JA)",403687666745
4605946429598,"Sagawa (JA)",403687271341
4605947445406,"Sagawa (JA)",403687271632
4605959176350,"Sagawa (JA)",403687271481
4605980082334,"Sagawa (JA)",403671651692
4605992370334,"Sagawa (JA)",403671651250
4606003806366,"Sagawa (JA)",403687271805
4606008688798,"Sagawa (JA)",403687271665
4606019338398,"Sagawa (JA)",403687666756
4606195204254,"Sagawa (JA)",403687666233
4606375723166,"Sagawa (JA)",403687271680
4606397153438,"Sagawa (JA)",403687271492
4606418256030,"Sagawa (JA)",403671651865
4606422417566,"Sagawa (JA)",403687271352
4606448599198,"Sagawa (JA)",403671651434
4606460264606,"Sagawa (JA)",403687271433
4606470553758,"Sagawa (JA)",403671651736
4606488314014,"Sagawa (JA)",403687271875
4606501257374,"Sagawa (JA)",403687271190
4606522294430,"Sagawa (JA)",403687271750
4606535860382,"Sagawa (JA)",403671651633
4606538842270,"Sagawa (JA)",403671651456
4606555193502,"Sagawa (JA)",403671651165
4606565482654,"Sagawa (JA)",403671651751
4606568005790,"Sagawa (JA)",403687271621
4606572593310,"Sagawa (JA)",403687666001
4606582096030,"Sagawa (JA)",403671651316
4606582620318,"Sagawa (JA)",403671651515
4606583701662,"Sagawa (JA)",403687271691
4606586323102,"Sagawa (JA)",403687271050
4606587109534,"Sagawa (JA)",403687271676
4606589567134,"Sagawa (JA)",403687271783
4606594285726,"Sagawa (JA)",403687271061
4606613291166,"Sagawa (JA)",403687271746
4606614438046,"Sagawa (JA)",403671651703
4606637211806,"Sagawa (JA)",403687271562
4606642782366,"Sagawa (JA)",403687666023
4606648221854,"Sagawa (JA)",403687271912
4606655987870,"Sagawa (JA)",403671651714
4606658445470,"Sagawa (JA)",403687271853
